"Dataset","Missing_Count","Total_Values","Missing_Percentage"
"adult",4262,488415,0.87261857232067
"auto_mpg",6,3582,0.16750418760469
"cervical_cancer",3622,30888,11.7262367262367
"chronic_kidney",1013,10000,10.13
"cirrhosis",1033,8360,12.3564593301435
"energy_consumption",181853,18677331,0.973656246708911
"garment_production",506,17955,2.81815650236703
"hepatitis",167,3100,5.38709677419355
"lung",5,1824,0.274122807017544
"minfraction",15965,210676,7.57798705120659
